{
  "overall": {
    "rouge1_f": {
      "mean": 0.48250603977825185,
      "median": 0.4622744365084663,
      "std": 0.053296677773468484,
      "min": 0.4186046511627907,
      "max": 0.5844155844155844,
      "count": 12
    },
    "rouge2_f": {
      "mean": 0.18379192845129144,
      "median": 0.19601729442088633,
      "std": 0.06135367454921756,
      "min": 0.08612440191387562,
      "max": 0.3026315789473684,
      "count": 12
    },
    "rougeLsum_f": {
      "mean": 0.37021683486171425,
      "median": 0.3653602776076751,
      "std": 0.06823391323622026,
      "min": 0.27488151658767773,
      "max": 0.5324675324675324,
      "count": 12
    },
    "rouge1_r": {
      "mean": 0.5787169546505099,
      "median": 0.5730193141505715,
      "std": 0.07196498940515221,
      "min": 0.4880952380952381,
      "max": 0.6818181818181818,
      "count": 12
    },
    "rougeLsum_r": {
      "mean": 0.44222418752709874,
      "median": 0.44481082957306495,
      "std": 0.07449161773063608,
      "min": 0.35135135135135137,
      "max": 0.6212121212121212,
      "count": 12
    },
    "bertscore_f1": {
      "mean": 0.4544737786054611,
      "median": 0.45031559467315674,
      "std": 0.08112176893886912,
      "min": 0.32516610622406006,
      "max": 0.6188722252845764,
      "count": 12
    },
    "content_quality": {
      "mean": 0.4344288675263241,
      "median": 0.42809232816625625,
      "std": 0.04938172836479953,
      "min": 0.3664069747243609,
      "max": 0.5486486805723859,
      "count": 12
    },
    "compression_ratio": {
      "mean": 0.48213759443225285,
      "median": 0.49673603346918166,
      "std": 0.06866829647547863,
      "min": 0.34080717488789236,
      "max": 0.5703971119133574,
      "count": 12
    },
    "style_similarity": {
      "mean": 0.8244523724395738,
      "median": 0.8364694566492472,
      "std": 0.03835027079106658,
      "min": 0.7642638989024015,
      "max": 0.8732687251000806,
      "count": 12
    },
    "style_fidelity": {
      "mean": 0.8244523724395738,
      "median": 0.8364694566492472,
      "std": 0.03835027079106658,
      "min": 0.7642638989024015,
      "max": 0.8732687251000806,
      "count": 12
    }
  },
  "by_persona": {
    "formal_analyst": {
      "rouge1_f": {
        "mean": 0.48775685033223803,
        "median": 0.46009389671361506,
        "std": 0.05657941267542746,
        "count": 3
      },
      "rouge2_f": {
        "mean": 0.21479471769065758,
        "median": 0.20853080568720378,
        "std": 0.030493608075976463,
        "count": 3
      },
      "rougeLsum_f": {
        "mean": 0.3977276317861584,
        "median": 0.3973509933774834,
        "std": 0.04110973327837566,
        "count": 3
      },
      "rouge1_r": {
        "mean": 0.5511671049561024,
        "median": 0.5697674418604651,
        "std": 0.03798857477489362,
        "count": 3
      },
      "rougeLsum_r": {
        "mean": 0.4490829259300659,
        "median": 0.44776119402985076,
        "std": 0.007965994745062781,
        "count": 3
      },
      "bertscore_f1": {
        "mean": 0.5118468304475149,
        "median": 0.5040507912635803,
        "std": 0.056026533445406035,
        "count": 3
      },
      "content_quality": {
        "mean": 0.4626451018487178,
        "median": 0.4601556347300675,
        "std": 0.03319892563521332,
        "count": 3
      },
      "compression_ratio": {
        "mean": 0.426473180970675,
        "median": 0.3974358974358974,
        "std": 0.10329248056452203,
        "count": 3
      },
      "style_similarity": {
        "mean": 0.8152274096989384,
        "median": 0.8322661371809147,
        "std": 0.04493600221344596,
        "count": 3
      },
      "style_fidelity": {
        "mean": 0.8152274096989384,
        "median": 0.8322661371809147,
        "std": 0.04493600221344596,
        "count": 3
      }
    },
    "enthusiast": {
      "rouge1_f": {
        "mean": 0.48945000755917883,
        "median": 0.48244177583697234,
        "std": 0.062386144761657394,
        "count": 6
      },
      "rouge2_f": {
        "mean": 0.19108844817039075,
        "median": 0.19649122807017544,
        "std": 0.06872453872675019,
        "count": 6
      },
      "rougeLsum_f": {
        "mean": 0.3734539785450826,
        "median": 0.3536231884057971,
        "std": 0.08454271052675404,
        "count": 6
      },
      "rouge1_r": {
        "mean": 0.5928347727128215,
        "median": 0.6016260162601625,
        "std": 0.08921982163437565,
        "count": 6
      },
      "rougeLsum_r": {
        "mean": 0.45168826550239505,
        "median": 0.43138568748324846,
        "std": 0.10273008633280704,
        "count": 6
      },
      "bertscore_f1": {
        "mean": 0.43352556228637695,
        "median": 0.4009331166744232,
        "std": 0.10193940711546735,
        "count": 6
      },
      "content_quality": {
        "mean": 0.4294392601039461,
        "median": 0.40866429300385176,
        "std": 0.06361309352545319,
        "count": 6
      },
      "compression_ratio": {
        "mean": 0.49618960376678345,
        "median": 0.49673603346918166,
        "std": 0.04444295473746892,
        "count": 6
      },
      "style_similarity": {
        "mean": 0.8169175648309164,
        "median": 0.8155377088134816,
        "std": 0.040444137858868606,
        "count": 6
      },
      "style_fidelity": {
        "mean": 0.8169175648309164,
        "median": 0.8155377088134816,
        "std": 0.040444137858868606,
        "count": 6
      }
    },
    "journalist": {
      "rouge1_f": {
        "mean": 0.46336729366241164,
        "median": 0.4644549763033175,
        "std": 0.04422883299238503,
        "count": 3
      },
      "rouge2_f": {
        "mean": 0.13819609977372657,
        "median": 0.12941176470588234,
        "std": 0.05697404235390223,
        "count": 3
      },
      "rougeLsum_f": {
        "mean": 0.33623175057053317,
        "median": 0.34883720930232553,
        "std": 0.056119523848063284,
        "count": 3
      },
      "rouge1_r": {
        "mean": 0.5780311682202942,
        "median": 0.620253164556962,
        "std": 0.07350897879523242,
        "count": 3
      },
      "rougeLsum_r": {
        "mean": 0.4164372931735392,
        "median": 0.410958904109589,
        "std": 0.05230350671289558,
        "count": 3
      },
      "bertscore_f1": {
        "mean": 0.43899715940157574,
        "median": 0.4414609372615814,
        "std": 0.021511064335994007,
        "count": 3
      },
      "content_quality": {
        "mean": 0.416191848048686,
        "median": 0.42728595934634983,
        "std": 0.020628003096755936,
        "count": 3
      },
      "compression_ratio": {
        "mean": 0.5096979892247695,
        "median": 0.539622641509434,
        "std": 0.06282940982736372,
        "count": 3
      },
      "style_similarity": {
        "mean": 0.8487469503975241,
        "median": 0.8550931916322957,
        "std": 0.028234966090647032,
        "count": 3
      },
      "style_fidelity": {
        "mean": 0.8487469503975241,
        "median": 0.8550931916322957,
        "std": 0.028234966090647032,
        "count": 3
      }
    }
  }
}