{
  "overall": {
    "rouge1_f": {
      "mean": 0.6525863295684247,
      "median": 0.6858638743455497,
      "std": 0.09305903127098943,
      "min": 0.4826086956521739,
      "max": 0.7492447129909364
    },
    "rouge2_f": {
      "mean": 0.3686391368269083,
      "median": 0.3842105263157895,
      "std": 0.06716279013635833,
      "min": 0.2183406113537118,
      "max": 0.45517241379310347
    },
    "rougeLsum_f": {
      "mean": 0.5469346596499844,
      "median": 0.567741935483871,
      "std": 0.10768499116633244,
      "min": 0.2956521739130435,
      "max": 0.6258503401360545
    },
    "rouge1_r": {
      "mean": 0.8009709786247287,
      "median": 0.8291139240506329,
      "std": 0.0791741052161377,
      "min": 0.6271186440677966,
      "max": 0.896551724137931
    },
    "rouge2_r": {
      "mean": 0.45376086005278893,
      "median": 0.46206896551724136,
      "std": 0.07502622900495799,
      "min": 0.2840909090909091,
      "max": 0.5486111111111112
    },
    "rougeLsum_r": {
      "mean": 0.671577332250759,
      "median": 0.7054794520547946,
      "std": 0.11875745699106337,
      "min": 0.384180790960452,
      "max": 0.8
    },
    "bertscore_f1": {
      "mean": 0.48821184701389736,
      "median": 0.5406566858291626,
      "std": 0.12166792569581483,
      "min": 0.2513054609298706,
      "max": 0.6330763697624207
    },
    "src_tokens": {
      "mean": 394.0,
      "median": 371.0,
      "std": 60.03124186621496,
      "min": 333.0,
      "max": 489.0
    },
    "hyp_tokens": {
      "mean": 264.0,
      "median": 265.0,
      "std": 64.07612659953783,
      "min": 173.0,
      "max": 358.0
    },
    "gold_tokens": {
      "mean": 177.55555555555554,
      "median": 172.0,
      "std": 26.52409805776207,
      "min": 128.0,
      "max": 210.0
    },
    "compression_ratio": {
      "mean": 0.6679461934181513,
      "median": 0.6142131979695431,
      "std": 0.11987945868606532,
      "min": 0.5195195195195195,
      "max": 0.8622754491017964
    },
    "content_quality": {
      "mean": 0.515237417964163,
      "median": 0.5469089468448393,
      "std": 0.07752218028692291,
      "min": 0.34365250784417856,
      "max": 0.590263046983148
    },
    "style_similarity": {
      "mean": 0.8484133470305172,
      "median": 0.8497223598986121,
      "std": 0.026558612885417002,
      "min": 0.8140323774282119,
      "max": 0.8978801156341542
    },
    "overall_quality": {
      "mean": 0.6151901966840693,
      "median": 0.6423868274960657,
      "std": 0.05697703636205481,
      "min": 0.48871174687806235,
      "max": 0.6624796839829883
    }
  },
  "by_persona": {
    "formal_analyst": {
      "rouge1_f": {
        "mean": 0.6525863295684247,
        "median": 0.6858638743455497,
        "std": 0.09305903127098943,
        "count": 9.0
      },
      "rouge2_f": {
        "mean": 0.3686391368269083,
        "median": 0.3842105263157895,
        "std": 0.06716279013635833,
        "count": 9.0
      },
      "rougeLsum_f": {
        "mean": 0.5469346596499844,
        "median": 0.567741935483871,
        "std": 0.10768499116633244,
        "count": 9.0
      },
      "rouge1_r": {
        "mean": 0.8009709786247287,
        "median": 0.8291139240506329,
        "std": 0.0791741052161377,
        "count": 9.0
      },
      "rouge2_r": {
        "mean": 0.45376086005278893,
        "median": 0.46206896551724136,
        "std": 0.07502622900495799,
        "count": 9.0
      },
      "rougeLsum_r": {
        "mean": 0.671577332250759,
        "median": 0.7054794520547946,
        "std": 0.11875745699106337,
        "count": 9.0
      },
      "bertscore_f1": {
        "mean": 0.48821184701389736,
        "median": 0.5406566858291626,
        "std": 0.12166792569581483,
        "count": 9.0
      },
      "src_tokens": {
        "mean": 394.0,
        "median": 371.0,
        "std": 60.03124186621496,
        "count": 9.0
      },
      "hyp_tokens": {
        "mean": 264.0,
        "median": 265.0,
        "std": 64.07612659953783,
        "count": 9.0
      },
      "gold_tokens": {
        "mean": 177.55555555555554,
        "median": 172.0,
        "std": 26.52409805776207,
        "count": 9.0
      },
      "compression_ratio": {
        "mean": 0.6679461934181513,
        "median": 0.6142131979695431,
        "std": 0.11987945868606532,
        "count": 9.0
      },
      "content_quality": {
        "mean": 0.515237417964163,
        "median": 0.5469089468448393,
        "std": 0.07752218028692291,
        "count": 9.0
      },
      "style_similarity": {
        "mean": 0.8484133470305172,
        "median": 0.8497223598986121,
        "std": 0.026558612885417002,
        "count": 9.0
      },
      "overall_quality": {
        "mean": 0.6151901966840693,
        "median": 0.6423868274960657,
        "std": 0.05697703636205481,
        "count": 9.0
      }
    }
  },
  "by_sector": {
    "Technology": {
      "rouge1_f": {
        "mean": 0.7278911564625851,
        "count": 1.0
      },
      "rouge2_f": {
        "mean": 0.37671232876712324,
        "count": 1.0
      },
      "rougeLsum_f": {
        "mean": 0.6258503401360545,
        "count": 1.0
      },
      "rouge1_r": {
        "mean": 0.7867647058823529,
        "count": 1.0
      },
      "rouge2_r": {
        "mean": 0.4074074074074074,
        "count": 1.0
      },
      "rougeLsum_r": {
        "mean": 0.6764705882352942,
        "count": 1.0
      },
      "bertscore_f1": {
        "mean": 0.6330763697624207,
        "count": 1.0
      },
      "src_tokens": {
        "mean": 371.0,
        "count": 1.0
      },
      "hyp_tokens": {
        "mean": 203.0,
        "count": 1.0
      },
      "gold_tokens": {
        "mean": 192.0,
        "count": 1.0
      },
      "compression_ratio": {
        "mean": 0.5471698113207547,
        "count": 1.0
      },
      "content_quality": {
        "mean": 0.590263046983148,
        "count": 1.0
      },
      "style_similarity": {
        "mean": 0.8184006558594735,
        "count": 1.0
      },
      "overall_quality": {
        "mean": 0.6587043296460456,
        "count": 1.0
      }
    },
    "Economics": {
      "rouge1_f": {
        "mean": 0.6796913682125764,
        "count": 2.0
      },
      "rouge2_f": {
        "mean": 0.41886949987475997,
        "count": 2.0
      },
      "rougeLsum_f": {
        "mean": 0.591161907905595,
        "count": 2.0
      },
      "rouge1_r": {
        "mean": 0.8147142182333491,
        "count": 2.0
      },
      "rouge2_r": {
        "mean": 0.5018917624521073,
        "count": 2.0
      },
      "rougeLsum_r": {
        "mean": 0.7116438356164384,
        "count": 2.0
      },
      "bertscore_f1": {
        "mean": 0.47533781826496124,
        "count": 2.0
      },
      "src_tokens": {
        "mean": 411.0,
        "count": 2.0
      },
      "hyp_tokens": {
        "mean": 258.0,
        "count": 2.0
      },
      "gold_tokens": {
        "mean": 166.0,
        "count": 2.0
      },
      "compression_ratio": {
        "mean": 0.6104755061810276,
        "count": 2.0
      },
      "content_quality": {
        "mean": 0.5290661086417263,
        "count": 2.0
      },
      "style_similarity": {
        "mean": 0.8396873225443208,
        "count": 2.0
      },
      "overall_quality": {
        "mean": 0.6222524728125046,
        "count": 2.0
      }
    },
    "Utilities": {
      "rouge1_f": {
        "mean": 0.6858638743455497,
        "count": 1.0
      },
      "rouge2_f": {
        "mean": 0.3842105263157895,
        "count": 1.0
      },
      "rougeLsum_f": {
        "mean": 0.612565445026178,
        "count": 1.0
      },
      "rouge1_r": {
        "mean": 0.8291139240506329,
        "count": 1.0
      },
      "rouge2_r": {
        "mean": 0.46496815286624205,
        "count": 1.0
      },
      "rougeLsum_r": {
        "mean": 0.740506329113924,
        "count": 1.0
      },
      "bertscore_f1": {
        "mean": 0.5406566858291626,