{
  "formal_analyst": [
    0.16435897435897434,
    0.26,
    0.8896153846153846,
    0.46430463309906,
    1.2637112916400908,
    0.0,
    0.0,
    0.028589743589743588,
    0.6485160256410257,
    0.5833076923076923
  ],
  "journalist": [
    0.18323916618153221,
    0.2836666666666667,
    0.866283052976683,
    0.3871964123810075,
    1.380839886978141,
    0.0,
    0.0,
    0.017988887867553184,
    0.5543451055039782,
    0.5019219699523035
  ],
  "enthusiast": [
    0.24129521945004448,
    0.1764,
    0.8563185842082979,
    0.2579320642030608,
    1.4924158118910424,
    0.6115489148478768,
    0.0,
    0.023395445134575567,
    0.34261164046628534,
    0.46331181367236507
  ]
}