{
  "formal_analyst": [
    0.15451732790688408,
    0.35714285714285715,
    0.8885374062567603,
    0.4853617766418025,
    0.9126280935805554,
    0.0,
    0.0,
    0.0029154518950437317,
    0.8990245558334772,
    0.6455231512849131
  ],
  "enthusiast": [
    0.25244983175325864,
    0.29261904761904756,
    0.8894101334011768,
    0.131485695102391,
    0.6256040733852158,
    0.6559245710830843,
    0.0,
    0.034781732698571065,
    0.4503905654834068,
    0.4766762283553295
  ],
  "journalist": [
    0.19434242683036665,
    0.3327777777777778,
    0.8382965505566036,
    0.7142970520365278,
    1.5468580650395631,
    0.0,
    0.0,
    0.0026041666666666665,
    0.6143711359597767,
    0.5378570270117037
  ]
}